product_id,repeat_buy_prob_30d,repeat_buy_prob_60d,repeat_buy_prob_90d
7205 103700030 4294,0.12962962962962962,0.2079207920792079,0.22727272727272727
